uu_id,total_claims
005be9532fd717dc36d4be318fd9ad25,54.01802944
0068776d88cb6d1ab5c7059fbd3dd3cb,77.86446568
00d85dff1c1f21f01f4f5f0bd683d32b,28.33601326
00eefd4f45685ac82f7df022c30b3810,32.84210526
00f962ce727b8dbbf20925abd5a253dd,53.510335
02a7b845ab6b3fc2c09a50cdc486db2a,23.84193848
0392ee82d61e6b95e117d22d8f732b12,20.48392591
04dbcf1a56f792d3bc34957107efcb06,31.78576122
050a624d618a68e43fe31189909c644f,38.88631579
066fa7cc5a96dcdeca8485c68e2993b8,36.27372263
06e492b4f29d153af26c659d1f7da2a1,30.31977172
08523c359b46eb00d18d69f8f5db944d,24.7044293
0866bbc00c3f4a49396a57243757312b,23.41466362
0887c18da47a35b41ef9b2c0d17d6fa5,22.70361373
09fbf26479f644ad33186ec51a90d65d,23.50471424
0a3926557919fdf16846e4b2830170f8,14.29392523
0abaea6bbc30d7cf8dbacc64727e7091,27.53649635
0ad94f09274e2c9cb0ef5cb77eb334b4,74.63941929
0aed17ab54d56c6651d331418e8db6be,40.79737783
0bc2c89aa74693b89f733bd5dfc7c825,22.74682803
0bdc0df962a3c10541c2aa5220ded58b,29.9914331
0c04721c4e15e0f5253b3ac5f426fff8,18.43209488
0d0076585764a5c4319f94e72a401c6b,21.59662684
0d165590afad07ce71727d690f4aad80,31.7790963
0eadc4f22396980ecc2e7878ffbaf14a,22.57736592
0ec62f637d74da7c87e17df0472adc9c,22.50512498
0fe79ae9a9bcc1d6602eba96ce51d541,15.85752425
11a50500827cd49f0ae130201184724f,21.03449709
124fe6d04692c372ffc4f84fc99f480d,34.94971592
1253e0271ddff4dfc6fcd05a85f26b24,34.95726146
12fbd01c7d92945acd93e0d44a8bed88,23.15046767
13b7d682e844ec03d93ed9b77e08e022,17.21393058
1400fd6122c6fe7582a30ee1280beb4b,28.1515093
142aacf840a655687cc387024c43dada,28.92831747
14ceb8012cb1b912044297c8933cfcfc,32.11497918
15faac39655ad46b3f17c110ae57392f,26.99160761
1679457faf4401f5dd6ab6183b286a94,19.23065402
16b7c822c473ad7ae97c31f156448fd1,26.21672789
17e2c176e057a74638e104d77210be64,24.78448109
17eb58bb239f3bad95a6cac384c3db8f,23.03643935
17f2d9fde2dfd7358e23244ff0d4658a,29.23492423
184e8a1febbf737c9865b40ac43d92ee,18.64739539
18792af8852f8d0c77371eb582a87ef9,35.98150685
1949741b1841cb49240a023c48a38f0c,21.40737766
196c37e49c98e0b8cdd142c001431a7a,27.53198315
1988578e35b2d1211f45cee910250ca6,38.86132261
19c0ba2728a6971ff9c1301f3bf17f59,25.99374699
1a125bdae03722d1c28eb1d75f5b8c6c,27.62479019
1b3e0336414b8d9c2c36655e5a9905a0,34.3608522
1b7425c1ee8dc2465ef939286316744c,32.71482162
1b9442255df739009fd07412cd1ae6a1,20.88529907
1ba8e8f6caf333a10ab33d1add51b960,24.81735817
1baabe619d226c9e7f1ef756fb41432b,23.12452963
1d20f9313b07ee6f2cb75edfdb546e6a,16.29255319
1deebda501712e7595b531b8337bc31a,22.82906845
1e86730cef0c1021f0048c175fc96184,34.47798144
1ec881fbb0021331b2b29c95049284fb,49.21634092
1f24014b092a7ba6a1faaac5edaac47b,30.16333532
1f74f4cecfe9b89fd0350fc0995e8362,16.60460349
1fc50fb37c0734d85581fe5e605fe7c5,39.36283153
1fe978b588e12780393047c4294e4c8a,26.74781237
2094eb904cf826728093f0e2713d2e30,22.16542021
20f4c86519a3b3707ee4240f6668ed87,24.73318535
20f6fd3e9f0d1f997481861655cad7e4,36.2377987
21957d5517323845818d87623589e1ba,38.42240049
226543605fd26b4bce3e1ec728b04c58,19.70421521
23acd2b2612afb7f781e5eb920d119c8,26.76946321
240aa2504ffe5d769722d7abf3e9da37,20.82007126
241f741bee0eb0ce595304d106811776,23.53855283
2420ca4ef50459c0bcc8fdeb8ee35a68,26.73519297
2456c31231ec5a6931f78f305668d39a,23.20922591
248b6a72aba270fd9794b41f53813d5e,15.24652568
24c8b349877e075f8d1b3b4e73dd4a53,20.21347506
258c76c5552e3c876c3e24e9658c0205,32.89770042
25a57fe39e03c632125308737a7d3769,40.2431694
2686710e45843273cb902096aee8d8ab,31.43828998
26c71b31d464bc7bedc8aed7e5c6e641,33.43316952
2729ca32d58ef6362df8a8bd80a53e28,22.96199461
275dc989f1bbbaf7bb5eadd0e4a965a1,17.50568182
2788f24947b2fc8fcc0ded4a4403d9ff,19.2976203
27a707c98b1a2316dd00df2309a628c4,36.59624114
2835004b63bf80d6929a55a6d14842e1,30.42946708
28a3b7eb2773c14c339cb3a4e7ef3be1,49.828958
2a0f380e277560b810399f7c6a01e76e,37.85440421
2a62116efd5f9a6da7b4ce2803eba96d,25.09952925
2a63ff5339efc0d6ac8023f6d06746e2,20.4003902
2a7f196a773a4dce36a9f57828d1104f,45.96695052
2a94597ba58d94ed5e0150745e349e72,23.40627514
2abe33dadcdb70181a2f693df31247a7,43.6773496
2addd2459a7027fd4ebb3da3d05a7015,39.08814858
2af35a38ee1416c5532a5e35425ecbb8,24.47960158
2b4f94600254e0f271c110161e841358,33.16585639
2bc53682112e6ad2e7b79bff44df6e18,19.65918708
2cf2998ecfaf6771ef650ffa571001d2,23.60194175
2d19305e3ee06c83f1247ddda5c70d57,31.37430168
2db2c67aed99c51c9d00d01f14030608,31.286904
2ddb832dc6e28aba32224f559c5f0b63,21.63496669
2dedb86602589ad3cf8a09380ce032d1,26.89856124
2e5ce8db91333a31fb0d0ea14bd721fc,24.15124581
2e6f7ee3f6f1ea9096625cbcb38e54cd,21.14459892
3098ba7b30da9acf99e1d491a22e01e5,29.74213305
3193b3205553224c47be06622d7b044d,25.6827577
3224483a60925de51923d51b10a00141,22.28861154
32686c399e21429791a419c0146217c9,42.38837829
32ce6ba7f7da17932e0e3c53f69f366b,23.26776673
335cc011139e7b382b82dca6112261a7,17.11497939
33c4302fb88e93ea520a346fe2853209,58.70116667
33f8f477e670b3cac704f4c0faa6e318,22.55756327
348c852abba65f89cd8af9395d6069d8,29.01720248
34aa257ce6ed00a61a8e0090b7dae2d3,20.39539257
34bfaf69f2c4a13f22aa9ff45f68dbd8,20.98372591
34c8ba07f9b3b98fb38255b4da82666e,27.49053803
34e549c7d12fec4d1f73e0ea56a4129d,22.29109411
34e6adeedc3b344eb183a0b5e8b4b774,55.80144052
354a2f45d639bf607163edf066e46bcc,21.72573208
358cb073759d71d8abe8d6eaf7a3ead5,42.22511779
35ada71743cfb77aca10c389e36caa28,34.0991371
3611ab4b321d4532f1f18b13d1fd3b93,23.87159713
36a311f8601d24a717e8ce4a02f68813,24.40834913
36c489a05d6a987ff961fdc67ccadbc1,31.90769433
36fd13282da883e5660edd69df015986,56.94690265
370a5fb730297d91eb3443d50582515e,28.76304375
372da1eb8e36402594c78c56ff5f25f7,19.5059871
37318ab9d6f384d6f79d1aa5c729dc1f,28.55720038
37495d17e82f7df326bfc2c4c090f7b7,35.84630839
3934b01a1e31d0a6af96867e1afbf03c,33.46823371
3952d1e916f8cad4225e4b9e29f62a06,22.36433991
395702b93c95499f70d36073ba97df97,22.17496972
3a40f9f36533037a0dc9f426b87bf8d5,40.04899276
3a6f00be69a3da3b1cacfd1019865c0c,22.68064576
3aa0a81e436042726e3913394182a6eb,22.62506555
3ac19461ea7efd6c892f9aba99ca55cd,25.64546515
3c887b182d660a9a6b874c5f9b4f3f61,56.09906503
3d5c4d633d7c5171d91cc9a073eceb3a,28.46634827
3d92e555e615d2c79dce4b5a3b968aa2,26.11825596
3eaeeb015822cc1c6b77c914fae0d087,28.17650148
3ebec5c7e13f05f1772dae73f3a1f5e0,38.51081844
3f20a7038f07e774663e01dea8a04cd0,19.08143939
4084f9199d73deb5cf6dd200a5db1c80,35.78133323
4258714000b9209afeb28e3032d8873d,31.90630524
42606376eba36d3065753ab0013f4c14,26.29964433
42dec75b5a3b02de7908789cc6649e6d,46.54338448
4338a76c28b57d89da8a28cf06adcf73,21.12440483
4368ac6502dd50bc209781d0d0f660f4,23.35729201
437523120b5bcbb4f6f5502c8216f2d0,16.97131841
441519fbb02b948549a2593f0c6a8211,46.67359418
44154f75eb0f8b9426fc761d1239db75,19.6860687
442a1b8f964352b0845991efdfe0a83a,20.40060681
44585653fcc97ff048845c7718889631,23.65563267
445ccda085809824099ff41f0ed427e5,46.78624751
44610534f2a03a72609764f95834c7f8,23.6145494
447d5984bb8a8179bff002ccd1bba162,25.7205721
44b536bc331508ead5793ba2a6010098,22.2701129
451262a076827ead70bf9e87ef6d4840,35.78425929
461f4a6d476cf7257e9b4ab8b9371885,26.42938308
46b2882ec4c373527ec33f7bd4f1388d,46.8728016
46c4f6c75e663b1ca82ea7994e6d83d3,37.57607138
46c92d587470f0bc73b7474ac0fd41ca,27.19073981
46e96d9a3529a65f56d9e6a8dd33fc87,25.05459646
471301a66d4c4feb1f474cf934be8999,22.18857965
4765514a954c2fc3eb7c1993662e60e9,20.88083698
476e4af2b14281c1f31f316f1a4dc05f,32.24348856
481b365a771dc6d05bcfa5e38cf33731,26.09356838
485c93cc57e1e1cf6d9ec0c328a69de9,80.85365854
4869240f378dd59f04a0a083c0fe6c03,39.69338693
48752f9ac7c72819e56bcccceefee7a6,35.74796348
489a93264d03adecc4589fd9cd34ad36,18.70758582
48ac5846d8d781fd5b7c6a863a572359,41.67438205
48d1b41c0e356998f9f60ea534f1326f,52.96177805
490c114070bda0707d95924d03159c87,27.09878835
4988189262a81dbef85220422f5277fd,23.5784775
49a64f32defe09e4ff142b746d99cebd,25.6929365
4a22571b2563761671604973ba849ef5,40.16749822
4b64982fb643e7eee44ce1ef8929cb44,23.41711299
4c612ffd5f49d054536c369580b91474,45.47829838
4ca0a1c6a388982e4526ff6843825010,52.55643921
4cf5a6ca5bc512af4d9c656eaeb4d279,35.68769929
4da27496ea51392169807ce30edde6bf,25.84134634
4e47a34030916597b6293593de5016a2,44.44145093
4e7a98a2f8a964ee4de8a2cc5299c880,16.31755084
4e98062236f32c50ab15d554863c18ea,20.90074223
4ed4b67acaf7b9c4d039e01d9d8c4b6a,22.04389702
4f29e610a96a3433ee0a9c7701ca061c,22.81458967
4f3351a91e93c86b025e1efba3f4b324,24.21474748
4f38233021d41195c29f0a206e75a77e,26.88027478
4fcf06b3645f8cb516215da638ce5f7f,31.3394606
50247c509e6c47b550a516f66e35c1d1,27.8253742
5091d0be49e94dc89756d9b0dd743214,44.1630341
516a760c644c21ff41a8cd20b6fb73bf,47.58213602
51af2e559924bc5ac87f549c8779ba37,24.4278438
51fbe8128122269363fc5de51e640ea7,22.60348641
52341b7215e0fb673d35b8a9638eeecf,40.75417339
52f393e27a5d94231575ab9bfa341bcf,54.38606331
53405bf66812a9f2623a307de572c11e,79.26113216
55b3a08bb5ac8ee0f151cd2f7440f246,31.10360085
56851c8621607ae081c4e5bfc667057d,30.30020539
56bda416b9b7a5255fcfa4e43fab70ae,20.8002388
56d73815bdda97aca8e26051183ed3ba,26.87758347
573a6b381bcac59719ed61afb7f1da8f,26.5292872
574ff76bf046909190b36c41ec5ad4ad,32.09320905
58313733000358ab97030c3688616a8b,30.64253288
5846c7b267dc6e4b00863277e3582f80,22.75838137
585f8731c2255d6b3f817a31180848b9,30.62678571
58c85b68415bc08c49b2a430cee9f2f9,33.76342133
592a852d462dffe18312976a3da5b7d8,24.82389569
5977eb9301db6dd318dcf44eee64439c,18.83072457
5a2c726a9af1492d08478394a7938cc8,22.6869569
5aef70478b1bb50e1207bb1864a03ab0,28.88911983
5b266c11201654ddb90d1a80cf294645,35.03238144
5b5f642bf566e944c9bdac9840bf1e81,21.94567293
5b8dd5be2b1e709f1cde61ab9438a8cb,23.17688372
5b94c4051902ded2565de3ddc399945c,22.48512576
5ba7caaa7b10591d00eec45bf939284c,19.66225166
5bf51fc2e162d6faf9e3cf79e4198378,20.610695
5c04f20bd2f8552aa7ac210dc01292fb,29.88653411
5c16723691805b4b6a90bce32128b6c9,29.44361999
5c43cbf8f0d860e91a9160706ea9b7d8,21.59979158
5db93f554d0a9df617e6e51043049dc4,28.5494531
5e819ecea31bac6db64c0ccf48818fa8,45.03353716
5e9480dba0f8de932f4d9fb55fa6b8b1,38.61220933
5f7f03a3797bb112aaadac83bc654303,23.4164398
5f9844eb68630b75decbafdfa4974943,42.09869828
5fe0dbe328785bc4e6bfe3b5609cf17d,33.28064891
601ff2c0fd709298f6644ad0e766b2d6,20.4231383
60753a85f5846665d4b0bc93e0ad1157,52.34161491
6097392579ec0ffc3d4e3c31c47c4d22,28.125
618bd975f55a022bd54daf828c1f7ce5,47.47240875
6239669cbfe444abd0a46536a670d150,26.71010865
627f0516c61e02f14a399ff99aaf141c,46.48340023
639c126e54c9418b800800b6626d118e,38.0873603
63b65e67206ef8201d3df16a8fc518b7,29.57659803
63cf0d83a2d02d554965073e71e93e08,33.42041891
63fc3e82740fcc3de0e5cf76fb4f96fe,20.52920693
663b0660c9f85a475e5b7ce499dc48a3,30.05098734
666c7361f0603c0cb4b783beddb796d8,35.04381064
66d134a595bd52251321d496ae2f4e0b,29.47921914
67407bf95ef751acc3accd630226b53d,39.63056608
67bbd99237964244c2ad3d0531394291,32.76887038
6803d35ef14c26cc19b7d9dacaa80672,31.35274037
68153b89651358b0e4dab495d4feb3e9,21.84450243
6877b5946ab2ee471e4c546252057f29,45.35686686
68e5bdd9fde563b534c8a38dfddb6146,29.01477586
69526eccc945f6249d4f84a4c469fc9c,27.90034039
695e104bd84215f8226793190ee20baf,22.77775519
6a4357ec916e146c5329ac2498a84f66,113.75
6a5609f385912113b6f1014b958ed748,36.7459145
6ac331ecae4b7e4dd2750893612331f9,28.15753801
6b22ecccaddde4516a88c6981373daf3,18.24637337
6b778af080e42bb4b461bbc4ed1b666c,35.61893686
6b874697041834e752690095d19c5c4a,41.67428571
6bc590ccd895d32877228c363a07d90f,30.17752692
6bdcabb0a40d03f8901d1d0e4a5124dc,30.67881549
6c1ad176e4007cf241439f6113a927ca,26.20323513
6c316cb2fc150a2f9fd50925926fc1f8,25.20762958
6c84a1702d0905d5632306a88018130d,28.48018785
6cd923e2eebf6dbd10f781e8a35e4a99,18.7930629
6d4dc6590c52c9b265d5003bf90ddbbb,19.4739111
6e585a6e6fc9cd621d7f73b92c292214,37.0380763
6e60bee4ae2514ab6d01b53b70b9aba8,23.39725907
6e869e8356fa1fd6ba750b7c894ffc1c,32.92708775
6f483941cceef95c97d28b4f904a0d57,22.89354906
70077360c4805acada195b59cbbe1c78,27.03823686
733d0fa66aa7cad3330acffe30d6dc17,20.48079809
751922882e03d050798c55599e80cc85,28.374599
7543f592268fa4a8ae1bfbf06b36a8aa,26.84898832
75acd0440be9543a96bddb1fb4973f26,28.23730943
75b3d3eea229508798db852629b81c49,38.92528736
75db3baff27b92ecda8651b35117d356,40.34890777
7618c56b61ce665a41852c40c413e6d5,47.26145038
768df6445dd896601fe97aff13573ce4,21.48735769
772f54511e2ccdad04e4fc903bbd19cc,23.52002308
778946d9696cd6c95f57e8b1e6336389,27.24944821
7953cef088684d6a82637fe6a9e7e7a8,46.26101962
79f498ddd9d03b81d9aa69a7285c77d1,30.20604833
7a3c45dff186e7416bc95abd6668f65b,39.26376812
7aad2bd27761397960e7f2e139ad0b9e,20.22049405
7ab86f26bdf5e743b0f0adf08df559e3,26.04070818
7b1f33221592c5bc981035ecfcd359f9,62.89799952
7b208b710114a393f20ec464c7849157,37.54867389
7b4b81e3e66af9462dc475aa2e7427a1,39.50011623
7b67eb2512a721025efe5cb967a38aff,32.02785276
7b96e777f23829dee1139f644a78ea06,28.29275436
7b9c310655c6815bd8940fddfa53c9ed,28.00621118
7bff91298a7f07d1cdcc7cb13c49eb41,35.11565442
7c570ea23642d08f4e1dac443dfca6c0,41.61828934
7cf24c78c601ab6a16ab1607a5426d29,22.55758822
7d0e017776207ca1f6cf65c31e2087fa,26.06122277
7d77f63f5ce04c96659ce9b56c0821a6,17.87601347
7db36246b1ab812379e68a64ee87cf7d,23.95435214
7dd5fff353cd08adc694aa74d7fa31af,20.54459311
7df3e38fbdab0a32ca0fa9fb6c8bd8c4,36.71740819
7e1a4171a3a5fdf83696d9179174d4cd,24.04610778
7e2478517261a19d87c0ab2e737fb25f,29.9657876
7e3e3d2f2f2b4f20fa63c425271e08e4,50.07875354
7ee27423441d3bced123afcec6335da8,25.52677905
7eeae8c98cf4678be80f35a01f25fe6c,28.98994636
7f9c903be0e820137bd63ee9e9a97af8,22.11412424
81594c0c7e4ef4c4cdbb7133d01cb361,36.64485095
82043794d889c8253f35afa11123388d,26.37864964
8236e0d2df83f079ad33ff54ad4e518b,28.86496179
8267c703abd7db102110ec19c18ae372,19.5
82b9ea58ff3d04a35df8deba80644a0e,26.45669195
836693d459b76f2147eb70762e5397b8,21.39831804
840877e296b6f4c92f882f5c01554412,20.26067003
842c96eacb965c2a1c0cbd6e51a7f741,26.00088646
84d733009dbecc6a1443e5bc2a64d32c,25.05618478
862f88264e4bdb239089465784dbe203,26.88997182
885bf593806859f8ab54240d4a1ca194,35.47585993
8932b66a9b94dcf03c942facc50ff401,33.13471133
89399fcb71863c561d2a2703d8bd4a15,34.09071108
89db61c41d2e8045fc298633ea4fb739,43.57880311
8ac85c3e00e200910bf73b909d6f970b,25.88880451
8b20a6749088c7ff1237983076ebfeaa,16.63961009
8b3b762a9010e36e084aae4c305d1b06,27.18238661
8b737a167ef2e623abed4c4243ed8b8d,28.35536734
8baa08eb0d7462333382e51f72737b14,28.69854787
8c9d2aa90948679972a9382aadcc6001,25.44389207
8ce569bbea13d8c92615e2cff87dcb0d,26.26881305
8ce77d1232a3746ba2fa99023f5ca3af,19.27288839
8d4837b174344462ac0acf31aced69e2,20.75161936
8d7022c454fc05456cfb4b9cadf5f109,39.35259031
8dad735d80cf4a1768bbf15c68e3afa7,27.43512612
8ed377ac3767ffda176fcdea40bcd7e4,30.92469375
8eef3f1453830d1939aae4e774e87c53,28.98978352
8f782a6153268c6031e31784e2d4eae2,25.81140866
8fa5decd2f119f47a50e581a8d2fe78a,28.89263704
90130049b0733d068d898e7581a2c2fb,25.34577007
9043705be859ea77f94b55e99fb7220c,32.30143392
9059885d1cfb186d078f691eafd6a24d,21.9000327
9067053e8719d5cd878ba6351d817310,30.66219004
90739bd7bef34a2183fc657754185954,37.3491707
9190faf02ca1ba21cc348c746efb6831,18.69768392
91ec70e2da02ad3cb9ae962a7452be48,24.37712683
9200a2b83d869882f514fa76e6bcd05c,29.72037037
920b9820c654673d472494c346da5651,38.16899876
931e7312a52b294244e6e05d33134c1e,47.74892148
932a58530abff8a48558e2a15639d453,29.34364709
939e1edba462129ca3442d7e80e3a6df,29.55034206
93c603c6ec0389076b9f852f9250a231,33.58103042
94cfe2eeb9088207be40c491c2b8524e,32.58206519
94f1f3cc229ef12ee0659de4ab3b4e94,24.52175447
9515d01eb09722c5a8b03704be022bde,27.20819159
96b3d9311ce32f929ecc8f989d9656e2,40.19451299
972b781ca6fc32a4f7bc7d6101c8749a,31.71759259
9748c8d4f8762b4636a18fc95cb596a4,31.55957583
97e5bdffc50e369922a89c3946a92e44,42.80534194
984ffa38c6fdcecc2b57bbcadee3f81f,24.60039314
9890883883ab01d3b5c268eeab56b335,24.03874591
989a2e028f825685d974bff6ac240565,18.26962938
98c85fec4b8bf095a732ab363e0b2ff3,26.11486461
98e63567a2f4907c9cb2637247651530,41.44745071
99fc3cb44cdaf10cc69506d7c92b6466,39.90906348
9a890bcd3def2cd1ad8270f81fe8adaf,44.55805229
9af77b0ab38109d9cd724b86336eedb6,18.02879184
9b461ff4ed0094dc132cb01b2e1db9ba,23.04303161
9bee42b55f891413ae7fac2d9d89280a,27.4797136
9c62c3bead53d866799d5195059566e6,19.11854262
9d137c34d4598e4f67aac16df77037e0,39.59106426
9dd9614f2619fd1b8397cabdb3f2248a,27.81220693
9e943f3dccee65ed33733a794a4d030e,35.914469
9ee08e65a6fc00045b2c609903e65603,26.36055593
a01b6cfa3022893470d884ca2534202c,32.69421102
a01d4790949ed9261a56c55a5eb2c239,31.37877324
a04177f6fbc3ba8065f2681089a0fad7,20.08677812
a0875049afbd1cb4735e07c03fb8baae,27.25442467
a0c62bdce75bc5e1d047eae6ab6046ad,31.10402521
a0e42a2440ccd1dffe96a0d4cc4a8952,28.82333874
a20575f25400fc50aa8377e345b97d41,19.62703583
a21252ae119bf94fb9343a9d279b1f09,15.72239658
a21afcba89ef782fc3d2696b6a60f9c2,21.76143592
a278206648fae6e94e7457907a5e9669,18.60930131
a43392aa19a4edb946a3fa32e3a2facc,34.21987952
a436745ae4d3fc47a3f009bae1679f24,22.85290237
a490a9038c51aee1aa41a969308340a8,28.32230523
a514bda8b5262164df92063a50786753,23.75244376
a5c01f891423feb7623ecfbeea6d103c,29.83602842
a5c6dcff737e183f7931b472f10c3235,27.34729879
a5d7cec02c6005b044e40dd7a42ce4d2,30.54807368
a6246c9f063179004345df13db5c103f,17.9635801
a633db168b2c85a2f98be4bd877894d6,30.2069923
a7745ca5549c5be27faf5ff747401ccc,34.63464696
a7a6e62bcc876979d5f02bdec82c9869,28.59741888
a7dee09e9fbf07ce1c880016b3e69f35,21.54653465
a90462cd11ae4e43144239bf7c4828a4,36.30414747
a949965ca25205c4fb8f47bac724b832,65.51596204
a993d47c7143bed2a187b0cac7d17983,38.32115392
ab1993483e82e85b729f5d958120d50d,19.4472013
ab3597d47cbfb9b2898dc4c22eb8dabf,28.34445175
abbc826483c7a171350e81707cb703c4,18.76778854
abd614b6bace46049b465469a384ac0b,23.87071941
abf78b87aea5f29b00f45191bc999bc2,45.15412844
abfc0a90af5f804e4de9d90e9c613b85,34.09493162
adef8f4cb061376c14393d4fb9ab3f89,24.20526242
adf09caf6306aab8015ea16df0efab86,69.09160821
adf57413c8c1462b6c066f14034bea53,24.92415833
ae2f6787bb01d859420365f1ab55a3c1,41.75196009
ae7018fc5a68dcf57e6955916ae4b5de,24.23581248
aea09a8d8901d51bb5c67eabc50f4379,24.09550181
aeb668565350951c2e5b983ca5d18873,31.49634754
aeb7c56e92a032cc42767ee9981c9130,19.66896552
aef08e5cd6bbf488ae574e9462f3e47b,70.06677019
af9463d57e045fc0761ae37465ca64e7,30.70660522
b08f608e6e2018affd0eadc6217cd9d6,28.97042697
b19e0e7c12b812b2400dfb18d6256ba2,14.3347398
b1d41e64e8d10b7c427570a7f77f1826,59.21615336
b249b93771413c68f826e6583566f645,32.47634768
b25e809679da1728ba3638a9fb418257,18.47249827
b2aedbc721bb3852961092b0c46eab8e,27.05742437
b41e71f6ebf2c8820de3d04539d4a301,27.77749361
b434450387cf85120cf46ccc66af5eb1,24.26179536
b44e2d7d2379948996ec4b672dc34963,34.72033688
b49552ef5ef12e825e2ac8be26b54033,28.11775143
b57c8824284adeabf73b43cf206b3819,18.65177948
b5b55a8ee17de0caa97a3e81b4f44623,26.33517661
b5dd82a5d296b283ded47e0110ce386d,28.24233785
b600ab1ca2c0bfd0b7204ccb46c57fa5,18.4075318
b63901e116eff9653b0bb68135364147,14.95262952
b7343323facfe39d1ab42f00e36a2f2b,45.00981614
b768694827b9ce3faa76db5daf06e523,27.50301205
b77d224234959f1ec164f3c3590476e7,34.903881
b7d1ab1b8c062f0098dc3ce8ff59a821,23.94043321
b7dd087ca5fc64edaad0e6d8ea34bd82,39.31682578
b7e59333708b27bdb99f5e23f921653c,21.34181706
b803ae59293162995a9946b122896310,27.63848842
b8114861c419dc4c0cdbbc07a943b2b9,52.90464043
b81bda93a68e51718e7e3f272961f9b4,27.43229349
b84d48cb3e210ed3d4ae5522c752bd43,20.81890582
b8801e9acd413ba93922af95ab5bc392,37.54998457
b94dcf22caa499f548c25164e13a8aba,36.12705381
ba71cfee2a23d7d3f0845cb5d6f1476f,29.48298758
bba6b4d023cec7812f6b6c30c570b278,53.2455265
bbabbeab139dc188b3f9825bd0596fc8,15.00633139
bbcb018f0e5e49e13636f6e78ce9f60f,39.15800728
bc281215b12aa7a7b7ef1c769027e041,27.0397269
bc3f7f70287282475c6bbc3cf5bf3921,23.53322183
bc7ebe1813e2b66f084289e1b1172f21,34.81048704
bc9128e5845a9ef736ccbd42b96f0030,32.00425321
bd42c9bae54ed298a8281caf7b699ff6,29.93632145
bd98af28b14ebbd3d45f05570ad9b72b,26.5005545
bef4a61635998c4d1b2b18327892a332,21.47112752
bf3bb60ad8c35a1dc9aba30880f8dbb8,29.31071429
bf75b987ef2c410e1c78b086a030455e,21.38668583
bf8df4bed5c89ab2aca38cc649b8038e,27.02205177
bf9e1cf78ce5a29fb59c7e634d596263,38.61939045
c008e7a443149c9d5894c5b3d5373140,28.73572758
c0391823af85ef75df9d031878d35b5d,32.44714219
c08958366558975968a93e9087aed6db,30.74265671
c1a6cbe7b528b203d8f7c4bae1602861,27.75675676
c1f22c61eea660c6176bb4452a7f58b9,17.98699383
c2e8e1c1da5aa1482049619b9f50efca,37.72131148
c3f6bd78c860c5b2f1f94361ce313085,22.72113983
c4f26b2d1ab599652a01ad75ec092981,24.28643416
c54e262cc40c41b9095dcb5e08ce6e71,21.49655692
c5db45ff8e2b39f40b282e2cb7e5584a,32.44416101
c5ec684089ebc4b152d4bc616685ad1d,49.42848032
c672051724f43ece79af744a5e47668f,29.53976559
c676fe3aef9660b4e225ac44d2e1174b,58.26660486
c82ff1f157906a6e9c37a08989544676,86.33927299
c8c87872fa559a2fd200ded474e8a8ad,29.89557941
ca479a7052cd4e84391854e800362169,27.44727273
cb304c84e572423d939db1dbb2009609,57.18693026
cb3c172b25098b9b7df0cd3bd23c60b7,36.67031464
cbbc75242459ad8a30fba8f8119a5521,22.80728232
cbc5bb11c092796a7127a349ae8ab045,21.8066583
cbcb0e04d6b21520dd35c88e304e0a08,25.10491803
cc4a424e97a09fe72e5e9597c12af1df,35.25756837
cd572640b6e423db8fd7ad50ef0b4473,25.19341421
cd9e56779d1e78b55ee14e0e9d48f5ab,21.28366893
cdaa0a4b36b3b1e81809eb0050fe9001,23.54137447
cdfe175e21e14759b98d9dc9ad03fb10,27.86255685
ce3e58980b9240213bd8ea1fbbefd044,34.89664545
ce64452a172b006bd45b3c1f147c88c1,23.74252674
ce8b2c0e11c538921c39c06b298d2393,16.90268142
ce9d46e559d5457a59ce3b288f2f8e7d,21.73073516
cfd973395338c6049c4ffea98214e90c,35.04633028
d0808351616eaf2e1d5d36d52e6cb669,25.71699913
d0b8cd48261d85bb06d4676d297b4616,22.67300814
d192c7de73aa0a21fb4d99766e5b1b89,33.95922669
d199aebcfab8dd5f47f9a2d645e5e25d,25.15417615
d1f1e644399fcd6af260e5b095a9bb9e,26.45323273
d2e53ec86c22098103ed02c73bcc07ef,28.4130719
d2fb0b2935cd696dc7681a74797e86b7,29.06649182
d31ea407dbc28ce0faeedbc70fc8460b,31.43647969
d359ace7e62165784d991c7d99c9f7a8,33.54485371
d42203d57e7b727be6c74adb6ec01f29,19.47957224
d44e7a9d13d3730892b6ffff9af4d595,56.94406722
d4ab328be737d00b398dc4d48963e2a1,30.70799675
d4ce127aa5a02d0660970041b98e3005,47.63266726
d526897e467bdc956bbf1d1a7d1f22c0,35.87158458
d637ac269ed7d8542ec0a524d629ffaf,24.94964871
d65e188a0e2d9d0b2efdfcf6a1b81783,40.40450913
d6623f71978a56f75cbc167fd3b935f4,22.65554136
d6d6aa73853ad771aaf7f972661fd2e6,16.03279486
d72794defc6e1cbf3fe94b0e3b722241,23.89531999
d73283cbc96dbcfb1f1d1b1db2e719b0,27.24007526
d75d4e493e871d3eb24b1d348ef440a0,22.52350618
d78d5eaa3a43f2a71683ae0f05ce3a8f,39.32408302
d7fccf988f1d2e7ec1a105f974835ef8,24.2810435
d9f6293ea290fd5f01904c594b5a90b9,26.6837045
dacd3e932f6546f12ba6b7f3e711a0ed,32.30224706
db0fbb4c6e88a74d6387efab221c1a7a,39.88952245
db208be7313abb1b015bdd9998288eba,30.50641605
db27f7d84ea8ef691d33dbb715272977,37.95100724
dbaba98befa4fc0363b337d5148dd896,24.31874592
dbe44146ae677a77353f803391928966,39.42031297
dc2a4f701fccdca97a2a8522f607db76,42.2493904
dc370d6cb5c3688ac7fa00f9ee56b4bd,28.60643715
dce4bc75ebe72c6785278052e0af100c,23.28382197
dd012c5266c9843f1049d7d012b18ed0,21.92741807
dd240f0580c98aeff68dfc9ab6a19b4a,16.0126003
dd4faebf6a4c2dc95a361236f215caee,24.8127005
ddcf5bbfe302020734c9f708af8dd56f,32.25109617
df9c11fd5a7be514331686b69f9b6b0a,21.89101498
dfa86215568c869a2e94ce3e5fcf1661,82.64032698
dfaf614469f9c8f10d64ceefd9cde4a9,32.00086281
dff5e9eee60b9f41b8815b2b7e260674,25.18368429
e058b77bb3f76377ab002251dc51c21f,19.74355972
e09e07448362bcf6114e28917186eda6,18.95973689
e0e676badd59e9b1f2ecf853d2ca1ecb,25.35436676
e0f22a10729518cb93db0877aa2efef3,64.84615385
e201385d37b5f6eea30f6d6d4106dc6f,24.3815531
e36c60ce269cf6f779cc1e9957f80857,29.33961061
e4786a617066d9d27fc324a1120c76f8,24.69641787
e4c3463c4a946e9301a4f64830eac663,29.26325258
e4e2fbc655aa5270695f8a48f7180cab,25.08002115
e5ff9232ce56cfc2aa63c5b2ee556ea1,16.61677116
e654962bff96a16d2ce4a43206ca72b1,22.47025857
e72d520d3b91dda68472a49c640e246b,21.14547244
e7e08825e5ce14c08ad265c2bfc40227,29.51663728
e8110fa2ab61007365cb825240af25dd,33.92913681
e83f3d45a32d12c23375a021a1674693,24.02368016
e847a8217e0447f92b06d59fa7c88982,45.47596746
e851e672d9f0f6700711449f8426d3b4,12.54
e8f426c17a7172179be379cb926bd278,24.78006973
e99e2af4a924268f8dae0beba680b0bf,39.93780245
e9a9af696a3209c5322f2eac305aaea6,16.8036183
eb17558d218dbd25eef1e19ecc78248a,23.51132863
eb7a5a8d60f1ce6c68286fd37f951f04,43.39786923
ec2e99cda275df8d025ec0692e853915,31.54545455
eccf545fec3a624430ee4b264e4d7c3e,25.27244618
ef76030f911b99b664285c543a238775,16.02389131
f013068de98db1470bd986137a0c6d23,29.03940717
f0c359ea042cfbb7b690ca3b78fd7f60,27.30726595
f0fdfe3859cd89a7d30ff7f15e2f06df,47.44900026
f123dedc954a5c9957e40d4cf96da83e,22.84193903
f142e2854cb3408a0daf85c0d1f97e74,32.94068322
f1bebcc62175d8c0c05ba9e63aa68b2e,20.99755459
f328006c7c2a699678d33c97ed0b5dde,44.89865989
f35320206f3dd1ffc411e4ac127caf92,25.81321399
f38aacf279329cbb0fd7807a9ddc6f6c,34.25539258
f4156396854199e5d45a23248e03e379,40.55485248
f43fb9e90c5ecf879016b159aaa17fcb,30.76899126
f4520092ddd64f380cc29f27329112a6,21.72045634
f45fb7ce83b62c22c577bca121fdb2c1,27.16473988
f4f5baac978b6ad7f401d5925bc77311,29.07850235
f6144c844d424a623dc8d83e85bd4b04,22.97811726
f61f291c865fe4fe2bfd6dad53e5d058,22.02380297
f63ddd4e3eb78163c5b06897f160db5f,44.54049593
f6d5c6d9c9f4d5b9e178ba482f663970,37.55598905
f70960d492c2fd067680a14baa0f66e9,28.38515054
f75b648bd705d4bce859fb3cbb02997f,49.98735792
f85e4851c74f81840942773fc845f553,20.54942698
f928354eb5a37d1f91d3692a6685d208,28.21255465
fa339582e0e0e47497dbe039bb00b19f,25.08256506
fb2cfba45e5b7a7511dd77c60f92f0be,22.76117961
fb55464f8e34af6d750d06968bf719b8,26.73478792
fc43eaca39a4bcb64f78ef5b3d8ecf1d,37.90322186
fcf9f3effa992cfd552696e4ae7219b6,20.66309413
fcfc60d8240e5a51f878fd92e2a352a3,28.82083699
fd38d1859753f17df3c5f4df40197795,23.08210187
fd536ceeba7fcbabdd0444b1eba6cab4,28.882397
fd613eba867c6ad7350a937f743b88f2,29.118406
fe355ff27aa8b2242a558d5e3ec99c18,20.6792269
fec479d0202d6e1e3f051a9ee902ff5d,41.50617099
